ProductID,ProductName,Price,Category,Stock,Supplier
1,Product 1,62.1827259464375,Electronics,57,Supplier 1
2,Product 2,89.78971254571037,Groceries,93,Supplier 2
3,Product 3,47.121101366022835,Electronics,118,Supplier 3
4,Product 4,62.67350997828163,Electronics,126,Supplier 4
5,Product 5,64.97421754373893,Electronics,168,Supplier 5
6,Product 6,61.21123041910092,Clothing,24,Supplier 6
7,Product 7,71.75020844312405,Electronics,77,Supplier 7
8,Product 8,27.556179495606596,Groceries,98,Supplier 8
9,Product 9,53.67455886685011,Electronics,115,Supplier 9
10,Product 10,14.901356266793028,Groceries,47,Supplier 10
11,Product 11,41.52857612625719,Electronics,9,Supplier 11
12,Product 12,51.328371519020116,Groceries,98,Supplier 12
13,Product 13,66.96130465681989,Groceries,10,Supplier 13
14,Product 14,95.30044999568933,Electronics,84,Supplier 14
15,Product 15,62.06185132209381,Electronics,148,Supplier 15
16,Product 16,75.64142203677318,Groceries,172,Supplier 16
17,Product 17,53.095275652044265,Clothing,134,Supplier 17
18,Product 18,65.23988298075147,Electronics,191,Supplier 18
19,Product 19,11.738560532708476,Clothing,125,Supplier 19
20,Product 20,29.167200179975463,Electronics,63,Supplier 20
21,Product 21,39.376043854488174,Electronics,1,Supplier 21
22,Product 22,49.88686872561879,Electronics,75,Supplier 22
23,Product 23,9.336630822726455,Electronics,120,Supplier 23
24,Product 24,18.30228926756518,Clothing,41,Supplier 24
25,Product 25,31.29735924017405,Electronics,53,Supplier 25
26,Product 26,97.29560563559981,Groceries,74,Supplier 26
27,Product 27,36.47796567478982,Groceries,15,Supplier 27
28,Product 28,50.79390052064784,Clothing,17,Supplier 28
29,Product 29,23.62928271014733,Electronics,186,Supplier 29
30,Product 30,63.02410675219799,Groceries,89,Supplier 30
31,Product 31,31.66490547401756,Clothing,143,Supplier 31
32,Product 32,24.664294951650543,Electronics,5,Supplier 32
33,Product 33,54.07439970236801,Groceries,184,Supplier 33
34,Product 34,5.523050920239978,Groceries,107,Supplier 34
35,Product 35,5.728083101676406,Clothing,174,Supplier 35
36,Product 36,25.811536864676487,Electronics,47,Supplier 36
37,Product 37,8.48852943757801,Electronics,41,Supplier 37
38,Product 38,15.26244664241568,Groceries,75,Supplier 38
39,Product 39,37.191761687181405,Groceries,187,Supplier 39
40,Product 40,81.24563956008222,Groceries,76,Supplier 40
41,Product 41,59.34462112008358,Electronics,131,Supplier 41
42,Product 42,53.70343396585956,Clothing,129,Supplier 42
43,Product 43,32.881438204771555,Clothing,58,Supplier 43
44,Product 44,93.51660334611755,Electronics,154,Supplier 44
45,Product 45,42.71642891753321,Clothing,26,Supplier 45
46,Product 46,13.273812845598291,Groceries,78,Supplier 46
47,Product 47,63.62131903119112,Clothing,71,Supplier 47
48,Product 48,15.814647380277133,Clothing,6,Supplier 48
49,Product 49,37.79619856616075,Clothing,190,Supplier 49
50,Product 50,53.20413417819184,Groceries,110,Supplier 50
51,Product 51,88.0511398450917,Electronics,118,Supplier 51
52,Product 52,51.886925132311276,Groceries,173,Supplier 52
53,Product 53,71.7145827730081,Electronics,62,Supplier 53
54,Product 54,99.31759970491169,Electronics,123,Supplier 54
55,Product 55,17.491466390308254,Electronics,11,Supplier 55
56,Product 56,31.099494924354353,Clothing,140,Supplier 56
57,Product 57,42.48472718177641,Clothing,42,Supplier 57
58,Product 58,45.07367696118898,Electronics,16,Supplier 58
59,Product 59,44.047002150226845,Electronics,62,Supplier 59
60,Product 60,91.22304524287271,Clothing,119,Supplier 60
61,Product 61,72.83310122435137,Groceries,35,Supplier 61
62,Product 62,62.75099533861685,Electronics,7,Supplier 62
63,Product 63,34.3904081969643,Groceries,68,Supplier 63
64,Product 64,83.260086501023,Clothing,89,Supplier 64
65,Product 65,95.73074859107395,Electronics,35,Supplier 65
66,Product 66,83.01383684227152,Groceries,27,Supplier 66
67,Product 67,5.148684993189926,Groceries,117,Supplier 67
68,Product 68,65.45813016742366,Groceries,92,Supplier 68
69,Product 69,9.857861236999568,Clothing,174,Supplier 69
70,Product 70,29.472685931703577,Clothing,75,Supplier 70
71,Product 71,10.65484653303831,Groceries,100,Supplier 71
72,Product 72,62.360568030191835,Groceries,157,Supplier 72
73,Product 73,70.22604178179765,Clothing,150,Supplier 73
74,Product 74,15.876325616260987,Groceries,143,Supplier 74
75,Product 75,41.46469388927305,Groceries,13,Supplier 75
76,Product 76,48.34246835077649,Clothing,70,Supplier 76
77,Product 77,40.06003706728708,Groceries,179,Supplier 77
78,Product 78,16.49737504609334,Groceries,123,Supplier 78
79,Product 79,44.800040067810166,Groceries,124,Supplier 79
80,Product 80,76.36191454179972,Clothing,36,Supplier 80
81,Product 81,11.74572813065927,Groceries,28,Supplier 81
82,Product 82,12.617101337780827,Clothing,194,Supplier 82
83,Product 83,38.7032727244185,Clothing,142,Supplier 83
84,Product 84,94.46394260379788,Electronics,174,Supplier 84
85,Product 85,68.51440143867683,Electronics,173,Supplier 85
86,Product 86,69.47364588389365,Groceries,179,Supplier 86
87,Product 87,39.382399129597175,Clothing,18,Supplier 87
88,Product 88,61.39777516481115,Electronics,105,Supplier 88
89,Product 89,5.962462482635621,Groceries,20,Supplier 89
90,Product 90,65.42912440890652,Electronics,63,Supplier 90
91,Product 91,91.76226001974248,Electronics,164,Supplier 91
92,Product 92,63.19447949275782,Clothing,26,Supplier 92
93,Product 93,88.00136637930278,Clothing,54,Supplier 93
94,Product 94,73.77744026927891,Electronics,28,Supplier 94
95,Product 95,16.45304955835057,Electronics,147,Supplier 95
96,Product 96,90.73306419215497,Clothing,24,Supplier 96
97,Product 97,11.312165213798615,Groceries,69,Supplier 97
98,Product 98,55.72690989203756,Clothing,62,Supplier 98
99,Product 99,18.50302676037848,Electronics,163,Supplier 99
100,Product 100,6.112128019435886,Groceries,129,Supplier 100
101,Product 101,45.093254712125706,Electronics,149,Supplier 101
102,Product 102,33.02886722714484,Groceries,15,Supplier 102
103,Product 103,51.170046910772285,Electronics,145,Supplier 103
104,Product 104,59.833989239782326,Groceries,196,Supplier 104
105,Product 105,9.155211869349998,Groceries,181,Supplier 105
106,Product 106,16.685313036755836,Electronics,99,Supplier 106
107,Product 107,58.07102766279041,Groceries,29,Supplier 107
108,Product 108,37.60089855140253,Clothing,44,Supplier 108
109,Product 109,74.27148131719755,Electronics,18,Supplier 109
110,Product 110,66.96770661623427,Clothing,33,Supplier 110
111,Product 111,85.33241448404115,Electronics,140,Supplier 111
112,Product 112,70.78681853357641,Groceries,170,Supplier 112
113,Product 113,45.84345235206407,Groceries,61,Supplier 113
114,Product 114,68.93182912747108,Groceries,117,Supplier 114
115,Product 115,31.16121155426476,Electronics,99,Supplier 115
116,Product 116,34.099782383930204,Clothing,21,Supplier 116
117,Product 117,79.95359019247536,Clothing,179,Supplier 117
118,Product 118,47.40985405815031,Electronics,179,Supplier 118
119,Product 119,80.84613234924349,Electronics,110,Supplier 119
120,Product 120,83.13012549848645,Clothing,163,Supplier 120
121,Product 121,86.46842207782196,Clothing,72,Supplier 121
122,Product 122,92.08034740491469,Clothing,146,Supplier 122
123,Product 123,45.94359594876315,Clothing,37,Supplier 123
124,Product 124,35.29234774050819,Electronics,69,Supplier 124
125,Product 125,60.308880926440814,Electronics,115,Supplier 125
126,Product 126,40.26138022657462,Groceries,78,Supplier 126
127,Product 127,62.10204584602213,Clothing,184,Supplier 127
128,Product 128,72.03065695116334,Groceries,147,Supplier 128
129,Product 129,70.398476756753,Electronics,8,Supplier 129
130,Product 130,40.58252426691153,Electronics,31,Supplier 130
131,Product 131,20.851719161381517,Groceries,131,Supplier 131
132,Product 132,45.900287153909716,Clothing,49,Supplier 132
133,Product 133,18.54644368778133,Clothing,81,Supplier 133
134,Product 134,89.55921834246179,Clothing,4,Supplier 134
135,Product 135,37.85835877009645,Clothing,147,Supplier 135
136,Product 136,19.67367598621576,Groceries,86,Supplier 136
137,Product 137,7.417537191046334,Groceries,125,Supplier 137
138,Product 138,66.353126697216,Electronics,74,Supplier 138
139,Product 139,65.5057201582006,Clothing,164,Supplier 139
140,Product 140,37.35739582522271,Clothing,21,Supplier 140
141,Product 141,11.812629440526845,Clothing,185,Supplier 141
142,Product 142,43.91474501504704,Groceries,67,Supplier 142
143,Product 143,34.56566203102239,Clothing,43,Supplier 143
144,Product 144,69.32646077482589,Groceries,33,Supplier 144
145,Product 145,62.549028698005586,Clothing,76,Supplier 145
146,Product 146,39.6364041787663,Clothing,41,Supplier 146
147,Product 147,25.69979265422406,Electronics,136,Supplier 147
148,Product 148,98.86341678478122,Clothing,105,Supplier 148
149,Product 149,48.130154013630914,Clothing,94,Supplier 149
150,Product 150,70.38605239912252,Electronics,134,Supplier 150
151,Product 151,18.352531919944276,Groceries,67,Supplier 151
152,Product 152,51.13102146764279,Groceries,146,Supplier 152
153,Product 153,7.615988387599222,Clothing,158,Supplier 153
154,Product 154,53.01823620149275,Groceries,127,Supplier 154
155,Product 155,96.58165367618172,Clothing,162,Supplier 155
156,Product 156,41.49963773365102,Electronics,184,Supplier 156
157,Product 157,8.7046211946166,Electronics,84,Supplier 157
158,Product 158,7.940800137337636,Clothing,188,Supplier 158
159,Product 159,41.858742194952605,Electronics,158,Supplier 159
160,Product 160,20.202368964003433,Electronics,82,Supplier 160
161,Product 161,7.218449151177662,Clothing,94,Supplier 161
162,Product 162,76.8402933252668,Clothing,180,Supplier 162
163,Product 163,48.55968584377961,Electronics,31,Supplier 163
164,Product 164,32.47825333740218,Groceries,65,Supplier 164
165,Product 165,90.50790238656566,Groceries,186,Supplier 165
166,Product 166,16.033201219049932,Clothing,115,Supplier 166
167,Product 167,95.81228875075533,Clothing,137,Supplier 167
168,Product 168,34.826838150848516,Groceries,129,Supplier 168
169,Product 169,89.39834886932472,Electronics,193,Supplier 169
170,Product 170,62.27957326554885,Groceries,59,Supplier 170
171,Product 171,83.5371991754413,Groceries,16,Supplier 171
172,Product 172,98.48125050499411,Groceries,95,Supplier 172
173,Product 173,32.398516592780844,Groceries,143,Supplier 173
174,Product 174,96.30787111372133,Clothing,15,Supplier 174
175,Product 175,42.00078001572994,Clothing,45,Supplier 175
176,Product 176,41.62363095000762,Electronics,166,Supplier 176
177,Product 177,37.33677490417804,Electronics,158,Supplier 177
178,Product 178,56.433722698020595,Electronics,106,Supplier 178
179,Product 179,19.643779101956277,Electronics,87,Supplier 179
180,Product 180,57.602591109011065,Groceries,128,Supplier 180
181,Product 181,56.46195717895038,Clothing,138,Supplier 181
182,Product 182,77.38067219746264,Clothing,118,Supplier 182
183,Product 183,84.19674638407062,Electronics,84,Supplier 183
184,Product 184,46.84192827968028,Electronics,3,Supplier 184
185,Product 185,33.721658688391905,Groceries,70,Supplier 185
186,Product 186,29.636815245123973,Groceries,153,Supplier 186
187,Product 187,23.489264486962835,Electronics,110,Supplier 187
188,Product 188,10.476520308907364,Clothing,49,Supplier 188
189,Product 189,37.532557989297764,Clothing,139,Supplier 189
190,Product 190,30.67353075242441,Clothing,94,Supplier 190
191,Product 191,96.80965165730869,Electronics,91,Supplier 191
192,Product 192,57.98233849375417,Clothing,64,Supplier 192
193,Product 193,37.991318707898216,Groceries,46,Supplier 193
194,Product 194,60.14442209440112,Groceries,180,Supplier 194
195,Product 195,18.223686627841072,Electronics,105,Supplier 195
196,Product 196,47.18415617420928,Groceries,198,Supplier 196
197,Product 197,64.49226053500107,Electronics,129,Supplier 197
198,Product 198,51.44529402028288,Clothing,105,Supplier 198
199,Product 199,43.168986062160805,Clothing,23,Supplier 199
200,Product 200,99.41559694547132,Clothing,3,Supplier 200
201,Product 201,88.62990240414807,Groceries,107,Supplier 201
202,Product 202,64.22356602514681,Electronics,18,Supplier 202
203,Product 203,59.09084931231686,Clothing,153,Supplier 203
204,Product 204,63.96274558333548,Electronics,39,Supplier 204
205,Product 205,24.12465024313116,Clothing,49,Supplier 205
206,Product 206,42.538085610110265,Groceries,170,Supplier 206
207,Product 207,8.748655624635436,Groceries,74,Supplier 207
208,Product 208,50.176873561248534,Electronics,194,Supplier 208
209,Product 209,56.587335475978,Groceries,11,Supplier 209
210,Product 210,26.63622492980491,Groceries,194,Supplier 210
211,Product 211,96.5827404807238,Electronics,26,Supplier 211
212,Product 212,91.39818803903799,Clothing,112,Supplier 212
213,Product 213,73.60360736831106,Groceries,181,Supplier 213
214,Product 214,55.671729732709444,Electronics,193,Supplier 214
215,Product 215,87.64707016653007,Groceries,48,Supplier 215
216,Product 216,17.411972663228976,Groceries,143,Supplier 216
217,Product 217,80.09843045611407,Groceries,129,Supplier 217
218,Product 218,16.857977326850587,Groceries,59,Supplier 218
219,Product 219,80.45001294219351,Electronics,181,Supplier 219
220,Product 220,31.19791898387891,Electronics,29,Supplier 220
221,Product 221,88.32360519672795,Electronics,83,Supplier 221
222,Product 222,94.6839989134128,Groceries,165,Supplier 222
223,Product 223,19.135617093485983,Groceries,27,Supplier 223
224,Product 224,48.954182481212385,Groceries,24,Supplier 224
225,Product 225,98.19380092545508,Electronics,95,Supplier 225
226,Product 226,50.923706417448926,Groceries,124,Supplier 226
227,Product 227,87.03701463888179,Clothing,9,Supplier 227
228,Product 228,60.92949460247539,Groceries,187,Supplier 228
229,Product 229,40.656341252362175,Clothing,41,Supplier 229
230,Product 230,32.14943777495767,Groceries,39,Supplier 230
231,Product 231,24.30619365317829,Electronics,76,Supplier 231
232,Product 232,77.37082818088123,Groceries,104,Supplier 232
233,Product 233,41.72134814818765,Clothing,117,Supplier 233
234,Product 234,53.57116890907136,Clothing,41,Supplier 234
235,Product 235,51.770920600112284,Groceries,46,Supplier 235
236,Product 236,59.84150777714747,Clothing,164,Supplier 236
237,Product 237,87.22982883433247,Clothing,21,Supplier 237
238,Product 238,98.1702376404258,Electronics,184,Supplier 238
239,Product 239,43.72049981451261,Groceries,106,Supplier 239
240,Product 240,83.6142976000988,Groceries,26,Supplier 240
241,Product 241,77.63014049219818,Groceries,40,Supplier 241
242,Product 242,59.48525038827946,Clothing,79,Supplier 242
243,Product 243,95.82447864313365,Groceries,161,Supplier 243
244,Product 244,24.045078975198265,Groceries,159,Supplier 244
245,Product 245,15.380099979414034,Electronics,88,Supplier 245
246,Product 246,86.12638686076511,Electronics,65,Supplier 246
247,Product 247,46.71923258020609,Electronics,11,Supplier 247
248,Product 248,85.46204114967074,Clothing,167,Supplier 248
249,Product 249,89.84356949356442,Groceries,72,Supplier 249
250,Product 250,10.933471393811786,Electronics,75,Supplier 250
251,Product 251,88.92915248367576,Electronics,89,Supplier 251
252,Product 252,47.59031026009511,Electronics,9,Supplier 252
253,Product 253,53.49108645540206,Groceries,95,Supplier 253
254,Product 254,64.52628855385498,Groceries,175,Supplier 254
255,Product 255,93.00634763935824,Groceries,19,Supplier 255
256,Product 256,6.816028970827583,Clothing,38,Supplier 256
257,Product 257,50.300129490192624,Clothing,59,Supplier 257
258,Product 258,70.33359403090327,Electronics,65,Supplier 258
259,Product 259,73.6571609813317,Groceries,64,Supplier 259
260,Product 260,70.79058099602526,Electronics,178,Supplier 260
261,Product 261,17.771337293771577,Groceries,123,Supplier 261
262,Product 262,33.44258089530972,Groceries,163,Supplier 262
263,Product 263,39.07797491461628,Groceries,151,Supplier 263
264,Product 264,81.42153472955297,Clothing,154,Supplier 264
265,Product 265,31.482187879382536,Clothing,129,Supplier 265
266,Product 266,25.0169715673843,Groceries,158,Supplier 266
267,Product 267,95.95756180861913,Electronics,56,Supplier 267
268,Product 268,5.842012085779546,Groceries,77,Supplier 268
269,Product 269,99.79298128978793,Groceries,193,Supplier 269
270,Product 270,69.29802339145259,Electronics,28,Supplier 270
271,Product 271,83.70458344766612,Groceries,14,Supplier 271
272,Product 272,32.98884265288835,Electronics,11,Supplier 272
273,Product 273,6.359951378370698,Clothing,100,Supplier 273
274,Product 274,75.09760426334536,Clothing,155,Supplier 274
275,Product 275,84.2437367150642,Electronics,83,Supplier 275
276,Product 276,75.34523253558432,Clothing,124,Supplier 276
277,Product 277,18.570777293579667,Clothing,102,Supplier 277
278,Product 278,76.57565261441206,Electronics,23,Supplier 278
279,Product 279,78.04766430022589,Clothing,148,Supplier 279
280,Product 280,67.56134898865521,Groceries,137,Supplier 280
281,Product 281,77.78101361558069,Groceries,109,Supplier 281
282,Product 282,85.36253676938455,Electronics,77,Supplier 282
283,Product 283,63.29239085255855,Clothing,100,Supplier 283
284,Product 284,13.41744782711951,Groceries,145,Supplier 284
285,Product 285,51.32464191838503,Groceries,141,Supplier 285
286,Product 286,12.376686793802481,Clothing,161,Supplier 286
287,Product 287,43.71658794808093,Clothing,127,Supplier 287
288,Product 288,43.675116466934625,Groceries,57,Supplier 288
289,Product 289,11.27093519332295,Groceries,75,Supplier 289
290,Product 290,38.13795072710054,Electronics,149,Supplier 290
291,Product 291,15.54481938517491,Electronics,197,Supplier 291
292,Product 292,81.78234495087611,Groceries,35,Supplier 292
293,Product 293,95.03036246662472,Electronics,172,Supplier 293
294,Product 294,11.870065149504168,Groceries,163,Supplier 294
295,Product 295,95.73594469271163,Groceries,21,Supplier 295
296,Product 296,54.64477693699079,Electronics,126,Supplier 296
297,Product 297,33.45873940561802,Electronics,79,Supplier 297
298,Product 298,12.301897151235533,Clothing,188,Supplier 298
299,Product 299,52.55930546668969,Clothing,99,Supplier 299
300,Product 300,80.47897672662113,Clothing,183,Supplier 300
301,Product 301,72.17321534033633,Groceries,95,Supplier 301
302,Product 302,9.771471089077508,Electronics,160,Supplier 302
303,Product 303,11.925674359950833,Groceries,172,Supplier 303
304,Product 304,43.27296185010052,Electronics,163,Supplier 304
305,Product 305,33.052596934554614,Groceries,147,Supplier 305
306,Product 306,27.076510690324543,Clothing,17,Supplier 306
307,Product 307,31.69542739632779,Clothing,37,Supplier 307
308,Product 308,81.33086061320404,Clothing,194,Supplier 308
309,Product 309,93.27666509502612,Groceries,150,Supplier 309
310,Product 310,43.48475598011881,Electronics,108,Supplier 310
311,Product 311,91.08054520258722,Electronics,122,Supplier 311
312,Product 312,35.54209161854878,Clothing,143,Supplier 312
313,Product 313,50.2615137026602,Clothing,186,Supplier 313
314,Product 314,26.472754792519975,Clothing,196,Supplier 314
315,Product 315,65.84522400670518,Clothing,195,Supplier 315
316,Product 316,98.00320594160685,Electronics,148,Supplier 316
317,Product 317,62.33184412412097,Groceries,103,Supplier 317
318,Product 318,38.99233799078714,Groceries,197,Supplier 318
319,Product 319,66.5426573691002,Groceries,139,Supplier 319
320,Product 320,16.67746445421182,Groceries,143,Supplier 320
321,Product 321,89.42261262521286,Clothing,80,Supplier 321
322,Product 322,52.79297532408445,Clothing,86,Supplier 322
323,Product 323,47.688225493766,Clothing,141,Supplier 323
324,Product 324,60.657154903084326,Groceries,60,Supplier 324
325,Product 325,64.35446696499324,Clothing,198,Supplier 325
326,Product 326,11.818701591518739,Clothing,45,Supplier 326
327,Product 327,69.84863601622322,Electronics,31,Supplier 327
328,Product 328,27.98350962997531,Electronics,14,Supplier 328
329,Product 329,72.82550008812603,Clothing,43,Supplier 329
330,Product 330,83.14080546649869,Electronics,144,Supplier 330
331,Product 331,81.37605821748943,Electronics,168,Supplier 331
332,Product 332,57.48759190374947,Clothing,53,Supplier 332
333,Product 333,54.41613976952136,Clothing,43,Supplier 333
334,Product 334,18.57321632724411,Clothing,97,Supplier 334
335,Product 335,78.65788428829788,Clothing,4,Supplier 335
336,Product 336,30.783891142437867,Groceries,108,Supplier 336
337,Product 337,52.186065167704925,Groceries,26,Supplier 337
338,Product 338,32.006038828114086,Clothing,115,Supplier 338
339,Product 339,17.713694484970848,Electronics,86,Supplier 339
340,Product 340,64.80798120471498,Clothing,103,Supplier 340
341,Product 341,10.161543308175863,Clothing,122,Supplier 341
342,Product 342,76.121297241989,Electronics,78,Supplier 342
343,Product 343,35.170745549806085,Groceries,42,Supplier 343
344,Product 344,5.012795835426106,Clothing,96,Supplier 344
345,Product 345,53.55726822753683,Clothing,30,Supplier 345
346,Product 346,9.450931310122296,Groceries,98,Supplier 346
347,Product 347,31.23610799298545,Groceries,16,Supplier 347
348,Product 348,72.16276630829303,Electronics,82,Supplier 348
349,Product 349,10.955514054077257,Groceries,109,Supplier 349
350,Product 350,84.73715677382022,Groceries,181,Supplier 350
351,Product 351,5.362892652565395,Groceries,189,Supplier 351
352,Product 352,28.448267574180715,Electronics,31,Supplier 352
353,Product 353,75.38588533444678,Groceries,167,Supplier 353
354,Product 354,35.045664224284145,Groceries,140,Supplier 354
355,Product 355,14.679776866271284,Electronics,34,Supplier 355
356,Product 356,39.22222228604065,Groceries,132,Supplier 356
357,Product 357,30.687362206529926,Groceries,28,Supplier 357
358,Product 358,85.05763070525272,Electronics,69,Supplier 358
359,Product 359,34.7680521705886,Clothing,152,Supplier 359
360,Product 360,79.94858481872069,Electronics,94,Supplier 360
361,Product 361,89.7278537570198,Groceries,21,Supplier 361
362,Product 362,46.2126548597703,Groceries,193,Supplier 362
363,Product 363,91.44459866616724,Groceries,172,Supplier 363
364,Product 364,40.84521512650332,Electronics,68,Supplier 364
365,Product 365,96.58744956656028,Groceries,88,Supplier 365
366,Product 366,13.482504829929429,Groceries,71,Supplier 366
367,Product 367,70.26683031780806,Electronics,128,Supplier 367
368,Product 368,51.91233384340823,Clothing,171,Supplier 368
369,Product 369,41.82663651828647,Clothing,86,Supplier 369
370,Product 370,65.10762848111709,Groceries,95,Supplier 370
371,Product 371,71.86642370526147,Electronics,74,Supplier 371
372,Product 372,5.4145106167793635,Groceries,166,Supplier 372
373,Product 373,20.860543430983878,Electronics,53,Supplier 373
374,Product 374,72.73937481026027,Electronics,87,Supplier 374
375,Product 375,68.30661428992961,Clothing,156,Supplier 375
376,Product 376,96.77451298722434,Clothing,53,Supplier 376
377,Product 377,77.29859007382439,Electronics,15,Supplier 377
378,Product 378,95.32340723447712,Groceries,98,Supplier 378
379,Product 379,71.74134764580666,Clothing,19,Supplier 379
380,Product 380,33.3149598207471,Groceries,45,Supplier 380
381,Product 381,15.009667613831365,Clothing,194,Supplier 381
382,Product 382,79.27326701776889,Clothing,192,Supplier 382
383,Product 383,66.19417604021201,Groceries,126,Supplier 383
384,Product 384,9.577671177363142,Clothing,57,Supplier 384
385,Product 385,39.20479426059294,Clothing,180,Supplier 385
386,Product 386,95.89598247100719,Groceries,110,Supplier 386
387,Product 387,52.538108842469114,Clothing,128,Supplier 387
388,Product 388,46.10926792187194,Clothing,80,Supplier 388
389,Product 389,48.48146249013293,Clothing,193,Supplier 389
390,Product 390,24.843858780490553,Groceries,156,Supplier 390
391,Product 391,40.02718123215554,Electronics,83,Supplier 391
392,Product 392,40.13225931878178,Groceries,69,Supplier 392
393,Product 393,9.973726917809877,Electronics,7,Supplier 393
394,Product 394,77.91892470920223,Clothing,28,Supplier 394
395,Product 395,44.567921030868504,Electronics,111,Supplier 395
396,Product 396,83.10708924756021,Groceries,178,Supplier 396
397,Product 397,85.78306010639007,Groceries,160,Supplier 397
398,Product 398,25.139435196372517,Clothing,130,Supplier 398
399,Product 399,67.44858080616221,Electronics,187,Supplier 399
400,Product 400,49.86677139548326,Clothing,162,Supplier 400
401,Product 401,88.61489010254108,Clothing,196,Supplier 401
402,Product 402,25.49536452176314,Groceries,107,Supplier 402
403,Product 403,69.39225402945421,Electronics,108,Supplier 403
404,Product 404,62.736451614008644,Electronics,19,Supplier 404
405,Product 405,33.053640369324114,Electronics,72,Supplier 405
406,Product 406,17.9770858468614,Electronics,166,Supplier 406
407,Product 407,66.90577724534128,Clothing,3,Supplier 407
408,Product 408,75.16675852257141,Clothing,18,Supplier 408
409,Product 409,34.98459765751825,Groceries,101,Supplier 409
410,Product 410,66.25909738211982,Clothing,172,Supplier 410
411,Product 411,42.53743622309281,Clothing,170,Supplier 411
412,Product 412,72.75465391184868,Groceries,140,Supplier 412
413,Product 413,23.925451114935044,Groceries,140,Supplier 413
414,Product 414,89.57042525043657,Groceries,187,Supplier 414
415,Product 415,32.30391166423007,Clothing,184,Supplier 415
416,Product 416,39.93966883683453,Clothing,85,Supplier 416
417,Product 417,10.51873544763323,Groceries,51,Supplier 417
418,Product 418,15.593660170521257,Groceries,110,Supplier 418
419,Product 419,54.00688075767117,Groceries,180,Supplier 419
420,Product 420,30.42130428915729,Clothing,108,Supplier 420
421,Product 421,84.37062144550846,Clothing,85,Supplier 421
422,Product 422,6.395871922220615,Electronics,42,Supplier 422
423,Product 423,41.01393462383394,Clothing,199,Supplier 423
424,Product 424,37.047826943063804,Clothing,199,Supplier 424
425,Product 425,6.836124937172098,Clothing,41,Supplier 425
426,Product 426,16.81499790504847,Groceries,89,Supplier 426
427,Product 427,44.29605411727035,Clothing,114,Supplier 427
428,Product 428,51.82213552250743,Groceries,25,Supplier 428
429,Product 429,43.407525989212566,Electronics,150,Supplier 429
430,Product 430,55.43907944914891,Electronics,42,Supplier 430
431,Product 431,61.53750911603974,Groceries,76,Supplier 431
432,Product 432,5.942763007144385,Groceries,155,Supplier 432
433,Product 433,49.089040148082866,Groceries,136,Supplier 433
434,Product 434,96.5324278843209,Clothing,19,Supplier 434
435,Product 435,54.30806661230713,Electronics,183,Supplier 435
436,Product 436,69.36651540860055,Groceries,38,Supplier 436
437,Product 437,34.6270665021039,Clothing,178,Supplier 437
438,Product 438,78.52918092451245,Electronics,11,Supplier 438
439,Product 439,78.42754077823093,Clothing,182,Supplier 439
440,Product 440,54.5231245271432,Electronics,10,Supplier 440
441,Product 441,97.7213132115253,Clothing,153,Supplier 441
442,Product 442,16.927270402452073,Electronics,41,Supplier 442
443,Product 443,6.610028164510195,Electronics,154,Supplier 443
444,Product 444,78.16503011692411,Clothing,10,Supplier 444
445,Product 445,81.67977604966384,Groceries,37,Supplier 445
446,Product 446,16.419686766454745,Electronics,97,Supplier 446
447,Product 447,30.230369131067576,Groceries,170,Supplier 447
448,Product 448,6.667474519829746,Clothing,18,Supplier 448
449,Product 449,32.86431802415365,Groceries,191,Supplier 449
450,Product 450,78.44847802227379,Groceries,133,Supplier 450
451,Product 451,54.206250132695,Groceries,173,Supplier 451
452,Product 452,38.06908135098737,Groceries,115,Supplier 452
453,Product 453,40.315233016101374,Groceries,112,Supplier 453
454,Product 454,5.128594442969475,Electronics,169,Supplier 454
455,Product 455,33.48105011869741,Electronics,64,Supplier 455
456,Product 456,66.4135804556034,Electronics,98,Supplier 456
457,Product 457,97.54847216255392,Clothing,71,Supplier 457
458,Product 458,85.47077856347045,Groceries,186,Supplier 458
459,Product 459,7.241521641325267,Electronics,51,Supplier 459
460,Product 460,90.36325744410973,Clothing,117,Supplier 460
461,Product 461,79.40384926336947,Electronics,174,Supplier 461
462,Product 462,79.13573173924314,Electronics,119,Supplier 462
463,Product 463,48.50959710533929,Groceries,6,Supplier 463
464,Product 464,42.81050283067777,Clothing,10,Supplier 464
465,Product 465,33.7769942391533,Groceries,102,Supplier 465
466,Product 466,11.241011600664748,Groceries,60,Supplier 466
467,Product 467,26.682359531901415,Electronics,67,Supplier 467
468,Product 468,28.427345322912338,Groceries,152,Supplier 468
469,Product 469,50.98732162246915,Clothing,139,Supplier 469
470,Product 470,76.00721862668593,Groceries,153,Supplier 470
471,Product 471,50.01193369780493,Groceries,101,Supplier 471
472,Product 472,10.495222697480258,Groceries,109,Supplier 472
473,Product 473,95.99003109387937,Electronics,139,Supplier 473
474,Product 474,94.55881031394067,Clothing,170,Supplier 474
475,Product 475,79.5930065990988,Electronics,50,Supplier 475
476,Product 476,99.17615064860095,Electronics,116,Supplier 476
477,Product 477,56.72582161602498,Electronics,164,Supplier 477
478,Product 478,96.46299327405458,Electronics,45,Supplier 478
479,Product 479,12.182478858591324,Electronics,52,Supplier 479
480,Product 480,39.73967108483028,Clothing,87,Supplier 480
481,Product 481,26.411220460642753,Groceries,120,Supplier 481
482,Product 482,23.60414299275565,Electronics,12,Supplier 482
483,Product 483,18.376280144804227,Electronics,88,Supplier 483
484,Product 484,64.12929594876968,Clothing,124,Supplier 484
485,Product 485,79.22557629599397,Clothing,117,Supplier 485
486,Product 486,59.938347944934264,Groceries,53,Supplier 486
487,Product 487,18.96145741087992,Clothing,184,Supplier 487
488,Product 488,82.05675814367973,Groceries,115,Supplier 488
489,Product 489,65.4156971805542,Electronics,117,Supplier 489
490,Product 490,41.875742082064576,Electronics,3,Supplier 490
491,Product 491,69.04237807592598,Groceries,74,Supplier 491
492,Product 492,29.69097302806912,Clothing,48,Supplier 492
493,Product 493,37.79325980695,Groceries,6,Supplier 493
494,Product 494,92.16115509753907,Clothing,109,Supplier 494
495,Product 495,32.597928038784936,Electronics,121,Supplier 495
496,Product 496,49.64888547500398,Clothing,10,Supplier 496
497,Product 497,89.56340805262138,Groceries,91,Supplier 497
498,Product 498,72.23352827541511,Groceries,181,Supplier 498
499,Product 499,10.909306485646761,Electronics,172,Supplier 499
500,Product 500,18.993789206502182,Clothing,22,Supplier 500
501,Product 501,5.744951123332098,Clothing,27,Supplier 501
502,Product 502,64.93757007177052,Clothing,110,Supplier 502
503,Product 503,47.52897541398974,Electronics,56,Supplier 503
504,Product 504,17.756110835716175,Clothing,25,Supplier 504
505,Product 505,96.00374150039319,Groceries,152,Supplier 505
506,Product 506,55.31767377483389,Clothing,53,Supplier 506
507,Product 507,27.979862940724473,Electronics,28,Supplier 507
508,Product 508,52.557339259697216,Clothing,96,Supplier 508
509,Product 509,69.56393160983524,Clothing,163,Supplier 509
510,Product 510,12.242725707488624,Groceries,13,Supplier 510
511,Product 511,31.096862429549738,Clothing,77,Supplier 511
512,Product 512,81.6617216339794,Groceries,34,Supplier 512
513,Product 513,48.66816268825282,Groceries,29,Supplier 513
514,Product 514,56.92482849306801,Electronics,91,Supplier 514
515,Product 515,46.11752020989958,Groceries,16,Supplier 515
516,Product 516,9.170494551085486,Groceries,194,Supplier 516
517,Product 517,20.746229082914812,Electronics,157,Supplier 517
518,Product 518,47.32645568047963,Groceries,92,Supplier 518
519,Product 519,24.872619213753143,Electronics,172,Supplier 519
520,Product 520,9.748007722669481,Clothing,78,Supplier 520
521,Product 521,85.14671808492325,Electronics,109,Supplier 521
522,Product 522,98.213290270591,Groceries,178,Supplier 522
523,Product 523,80.34857302969024,Electronics,101,Supplier 523
524,Product 524,86.10956756194336,Groceries,105,Supplier 524
525,Product 525,27.98782738011931,Clothing,46,Supplier 525
526,Product 526,96.25956267375398,Electronics,180,Supplier 526
527,Product 527,23.707941923075698,Clothing,63,Supplier 527
528,Product 528,95.38583198437406,Groceries,165,Supplier 528
529,Product 529,99.50783292676535,Groceries,63,Supplier 529
530,Product 530,72.61366654587464,Clothing,86,Supplier 530
531,Product 531,98.20865452022308,Electronics,6,Supplier 531
532,Product 532,59.10627905887485,Electronics,21,Supplier 532
533,Product 533,29.656469401728582,Groceries,80,Supplier 533
534,Product 534,46.51460913823398,Clothing,168,Supplier 534
535,Product 535,61.388288860984666,Clothing,73,Supplier 535
536,Product 536,11.942748392566424,Electronics,137,Supplier 536
537,Product 537,64.12261013863838,Electronics,184,Supplier 537
538,Product 538,98.21189449241798,Electronics,134,Supplier 538
539,Product 539,23.060226729454126,Clothing,124,Supplier 539
540,Product 540,80.29653604739642,Electronics,49,Supplier 540
541,Product 541,91.25038540906384,Electronics,51,Supplier 541
542,Product 542,94.65165131792098,Groceries,160,Supplier 542
543,Product 543,96.21288241851748,Electronics,0,Supplier 543
544,Product 544,54.538665678539836,Electronics,180,Supplier 544
545,Product 545,97.84425125919284,Clothing,187,Supplier 545
546,Product 546,76.94446967777169,Clothing,161,Supplier 546
547,Product 547,20.35878644251138,Groceries,3,Supplier 547
548,Product 548,50.30551011445715,Electronics,144,Supplier 548
549,Product 549,73.24146166034038,Groceries,131,Supplier 549
550,Product 550,28.497330002812916,Clothing,170,Supplier 550
551,Product 551,65.8584424371443,Groceries,3,Supplier 551
552,Product 552,68.32704550942883,Clothing,0,Supplier 552
553,Product 553,20.45647566181376,Groceries,70,Supplier 553
554,Product 554,58.68310468301185,Groceries,177,Supplier 554
555,Product 555,78.30455654296773,Electronics,188,Supplier 555
556,Product 556,52.39508813091448,Groceries,34,Supplier 556
557,Product 557,6.149796093730205,Electronics,7,Supplier 557
558,Product 558,5.858654562532757,Electronics,151,Supplier 558
559,Product 559,38.91778767715116,Electronics,35,Supplier 559
560,Product 560,92.9884365010193,Electronics,177,Supplier 560
561,Product 561,26.724294062342832,Groceries,122,Supplier 561
562,Product 562,65.26455044281028,Clothing,42,Supplier 562
563,Product 563,26.097207715865455,Clothing,26,Supplier 563
564,Product 564,35.55864901765712,Clothing,31,Supplier 564
565,Product 565,85.56399851214098,Groceries,77,Supplier 565
566,Product 566,74.24183701564495,Electronics,120,Supplier 566
567,Product 567,14.06293134475501,Clothing,145,Supplier 567
568,Product 568,45.72669199371119,Groceries,155,Supplier 568
569,Product 569,7.771127546300125,Electronics,156,Supplier 569
570,Product 570,50.68456392728586,Clothing,15,Supplier 570
571,Product 571,67.93123111160148,Electronics,98,Supplier 571
572,Product 572,16.2577492418244,Clothing,46,Supplier 572
573,Product 573,32.444069196370734,Clothing,186,Supplier 573
574,Product 574,42.79447942270491,Clothing,30,Supplier 574
575,Product 575,92.35544734232472,Electronics,3,Supplier 575
576,Product 576,99.35922646518158,Groceries,164,Supplier 576
577,Product 577,9.266573404583507,Electronics,16,Supplier 577
578,Product 578,77.29575273206224,Clothing,38,Supplier 578
579,Product 579,40.31378630822261,Electronics,47,Supplier 579
580,Product 580,42.2835276918006,Groceries,173,Supplier 580
581,Product 581,76.65517246796716,Electronics,175,Supplier 581
582,Product 582,92.25051105381382,Groceries,38,Supplier 582
583,Product 583,95.3382164777421,Groceries,131,Supplier 583
584,Product 584,59.82664567364048,Electronics,29,Supplier 584
585,Product 585,38.926510133547765,Clothing,157,Supplier 585
586,Product 586,79.81716315658403,Groceries,21,Supplier 586
587,Product 587,28.845131409918526,Electronics,65,Supplier 587
588,Product 588,58.58703273918419,Groceries,107,Supplier 588
589,Product 589,39.06495384486295,Clothing,11,Supplier 589
590,Product 590,67.37995200224823,Electronics,35,Supplier 590
591,Product 591,27.837896724883155,Electronics,17,Supplier 591
592,Product 592,23.20132984480845,Electronics,89,Supplier 592
593,Product 593,92.23271323416652,Clothing,180,Supplier 593
594,Product 594,14.671349880206005,Groceries,198,Supplier 594
595,Product 595,53.06600123481851,Electronics,0,Supplier 595
596,Product 596,25.98101438148585,Groceries,126,Supplier 596
597,Product 597,8.698346515938407,Groceries,185,Supplier 597
598,Product 598,8.421787737685507,Clothing,89,Supplier 598
599,Product 599,21.646068350053596,Electronics,86,Supplier 599
600,Product 600,87.34318367807002,Groceries,89,Supplier 600
601,Product 601,31.835480677817532,Electronics,133,Supplier 601
602,Product 602,95.29362120465309,Electronics,69,Supplier 602
603,Product 603,60.25411783397339,Clothing,43,Supplier 603
604,Product 604,46.47834802803278,Electronics,199,Supplier 604
605,Product 605,60.10843929359819,Electronics,151,Supplier 605
606,Product 606,54.08634659649544,Groceries,85,Supplier 606
607,Product 607,77.08374410694589,Clothing,18,Supplier 607
608,Product 608,31.837126267420963,Electronics,100,Supplier 608
609,Product 609,38.53978720202873,Groceries,145,Supplier 609
610,Product 610,89.93895874065882,Clothing,94,Supplier 610
611,Product 611,94.91336874928852,Clothing,100,Supplier 611
612,Product 612,89.79303161121508,Groceries,29,Supplier 612
613,Product 613,44.84755942594479,Groceries,169,Supplier 613
614,Product 614,79.13472278565376,Groceries,32,Supplier 614
615,Product 615,50.25189466360438,Groceries,11,Supplier 615
616,Product 616,52.26628595387971,Groceries,117,Supplier 616
617,Product 617,24.444610360441974,Electronics,93,Supplier 617
618,Product 618,61.15737880955906,Electronics,154,Supplier 618
619,Product 619,22.682910286568053,Clothing,166,Supplier 619
620,Product 620,36.498646411383405,Electronics,136,Supplier 620
621,Product 621,86.22786915389383,Electronics,148,Supplier 621
622,Product 622,24.672201875031245,Electronics,75,Supplier 622
623,Product 623,11.760037091476118,Groceries,28,Supplier 623
624,Product 624,11.555721298217549,Clothing,160,Supplier 624
625,Product 625,94.37452944779525,Clothing,189,Supplier 625
626,Product 626,53.15744160637429,Clothing,116,Supplier 626
627,Product 627,43.89414682261674,Clothing,14,Supplier 627
628,Product 628,82.03346519575226,Electronics,1,Supplier 628
629,Product 629,84.40346315149903,Electronics,179,Supplier 629
630,Product 630,36.558148145982436,Groceries,116,Supplier 630
631,Product 631,70.89371546001055,Clothing,171,Supplier 631
632,Product 632,78.25666750592923,Electronics,181,Supplier 632
633,Product 633,67.19181525226568,Electronics,17,Supplier 633
634,Product 634,19.40153210600944,Groceries,2,Supplier 634
635,Product 635,88.20889293412041,Groceries,134,Supplier 635
636,Product 636,56.213982509920825,Groceries,170,Supplier 636
637,Product 637,31.834880505150352,Electronics,165,Supplier 637
638,Product 638,45.396677616580924,Electronics,164,Supplier 638
639,Product 639,8.5692535878962,Groceries,185,Supplier 639
640,Product 640,17.14734611612967,Clothing,160,Supplier 640
641,Product 641,77.72694129900678,Groceries,107,Supplier 641
642,Product 642,5.001105301759783,Groceries,186,Supplier 642
643,Product 643,44.57375370581776,Groceries,94,Supplier 643
644,Product 644,54.6384672031309,Groceries,121,Supplier 644
645,Product 645,10.190269900092368,Electronics,10,Supplier 645
646,Product 646,97.44242548237162,Clothing,67,Supplier 646
647,Product 647,26.481906468718833,Groceries,122,Supplier 647
648,Product 648,33.89887836544668,Clothing,195,Supplier 648
649,Product 649,33.8745386642276,Clothing,112,Supplier 649
650,Product 650,26.88958290114824,Clothing,97,Supplier 650
651,Product 651,5.140013098199584,Groceries,92,Supplier 651
652,Product 652,74.28775543835965,Electronics,21,Supplier 652
653,Product 653,96.8503224809321,Groceries,193,Supplier 653
654,Product 654,26.30788091207928,Clothing,171,Supplier 654
655,Product 655,67.98948322132513,Clothing,126,Supplier 655
656,Product 656,75.48015106107793,Electronics,133,Supplier 656
657,Product 657,85.60041101359985,Groceries,169,Supplier 657
658,Product 658,45.14977371629287,Clothing,24,Supplier 658
659,Product 659,33.77843603584078,Electronics,184,Supplier 659
660,Product 660,35.903037732187954,Clothing,84,Supplier 660
661,Product 661,72.69902664435872,Electronics,54,Supplier 661
662,Product 662,82.59404931803543,Electronics,143,Supplier 662
663,Product 663,22.25332693687725,Groceries,94,Supplier 663
664,Product 664,40.23939577498769,Clothing,141,Supplier 664
665,Product 665,90.68431869116925,Groceries,166,Supplier 665
666,Product 666,81.63588437100023,Clothing,155,Supplier 666
667,Product 667,98.56154826243521,Groceries,178,Supplier 667
668,Product 668,76.65358466979767,Clothing,118,Supplier 668
669,Product 669,42.353544097652616,Groceries,176,Supplier 669
670,Product 670,61.11059422949059,Electronics,8,Supplier 670
671,Product 671,67.79635415349543,Clothing,185,Supplier 671
672,Product 672,12.453302550126775,Clothing,172,Supplier 672
673,Product 673,56.72721111486718,Electronics,149,Supplier 673
674,Product 674,72.3854787048979,Groceries,159,Supplier 674
675,Product 675,20.895523880100736,Clothing,196,Supplier 675
676,Product 676,79.16001315542793,Clothing,196,Supplier 676
677,Product 677,60.4584141488406,Groceries,41,Supplier 677
678,Product 678,95.4610696412715,Electronics,52,Supplier 678
679,Product 679,9.030118329654712,Groceries,186,Supplier 679
680,Product 680,30.205983067769363,Groceries,73,Supplier 680
681,Product 681,62.14761853348329,Groceries,38,Supplier 681
682,Product 682,33.173191659563415,Clothing,121,Supplier 682
683,Product 683,72.87029558676801,Electronics,14,Supplier 683
684,Product 684,77.10550183958344,Electronics,198,Supplier 684
685,Product 685,14.739016586315072,Groceries,156,Supplier 685
686,Product 686,53.816174099642936,Clothing,122,Supplier 686
687,Product 687,53.34460278115031,Groceries,110,Supplier 687
688,Product 688,40.0816731704764,Clothing,130,Supplier 688
689,Product 689,93.62786194411885,Clothing,82,Supplier 689
690,Product 690,83.61310038795601,Clothing,9,Supplier 690
691,Product 691,71.2348912814155,Clothing,91,Supplier 691
692,Product 692,72.86103039482477,Electronics,28,Supplier 692
693,Product 693,48.863033662246316,Clothing,34,Supplier 693
694,Product 694,92.4944795041747,Clothing,5,Supplier 694
695,Product 695,70.98656558906211,Groceries,139,Supplier 695
696,Product 696,74.25320085730256,Groceries,110,Supplier 696
697,Product 697,86.8606358597978,Electronics,37,Supplier 697
698,Product 698,31.036800987508144,Groceries,76,Supplier 698
699,Product 699,81.67173586733678,Clothing,92,Supplier 699
700,Product 700,23.547857280866744,Groceries,146,Supplier 700
701,Product 701,37.80748546326434,Electronics,66,Supplier 701
702,Product 702,36.882993155635056,Groceries,135,Supplier 702
703,Product 703,97.95991949696835,Groceries,7,Supplier 703
704,Product 704,86.37103625605305,Electronics,121,Supplier 704
705,Product 705,71.61113685107468,Electronics,83,Supplier 705
706,Product 706,74.07039235346207,Clothing,174,Supplier 706
707,Product 707,58.39691546824425,Groceries,131,Supplier 707
708,Product 708,94.97361337530931,Clothing,178,Supplier 708
709,Product 709,52.14458152382435,Groceries,84,Supplier 709
710,Product 710,41.14918243763998,Groceries,194,Supplier 710
711,Product 711,20.488357008501147,Clothing,44,Supplier 711
712,Product 712,79.68953696480051,Groceries,135,Supplier 712
713,Product 713,74.77217354718118,Groceries,86,Supplier 713
714,Product 714,41.51372865979281,Groceries,15,Supplier 714
715,Product 715,7.393374326126789,Electronics,76,Supplier 715
716,Product 716,84.70474613321102,Clothing,194,Supplier 716
717,Product 717,6.084708428136995,Electronics,8,Supplier 717
718,Product 718,71.85147906475984,Clothing,59,Supplier 718
719,Product 719,97.17442542397542,Clothing,77,Supplier 719
720,Product 720,46.57782617407933,Groceries,76,Supplier 720
721,Product 721,27.322473474615514,Clothing,70,Supplier 721
722,Product 722,71.96274595412126,Electronics,14,Supplier 722
723,Product 723,82.62717349148059,Electronics,70,Supplier 723
724,Product 724,56.91088002739549,Electronics,101,Supplier 724
725,Product 725,96.86835114933389,Clothing,168,Supplier 725
726,Product 726,9.908528557506305,Electronics,21,Supplier 726
727,Product 727,52.95558183893017,Clothing,151,Supplier 727
728,Product 728,73.25312499564225,Electronics,112,Supplier 728
729,Product 729,86.950844759172,Electronics,171,Supplier 729
730,Product 730,22.029283131240053,Clothing,0,Supplier 730
731,Product 731,81.00033076754974,Electronics,9,Supplier 731
732,Product 732,57.5071721932618,Groceries,109,Supplier 732
733,Product 733,42.67259978904651,Clothing,199,Supplier 733
734,Product 734,17.512927715013888,Clothing,183,Supplier 734
735,Product 735,87.20309709634668,Clothing,112,Supplier 735
736,Product 736,19.94095477707296,Groceries,49,Supplier 736
737,Product 737,34.429846624864425,Clothing,11,Supplier 737
738,Product 738,32.554325536431506,Electronics,88,Supplier 738
739,Product 739,87.78433324813116,Electronics,187,Supplier 739
740,Product 740,68.9067844498453,Electronics,153,Supplier 740
741,Product 741,80.68473273318037,Clothing,111,Supplier 741
742,Product 742,28.7944503852874,Electronics,77,Supplier 742
743,Product 743,64.36303946266489,Clothing,168,Supplier 743
744,Product 744,59.31586839865613,Electronics,163,Supplier 744
745,Product 745,84.11888579488576,Groceries,120,Supplier 745
746,Product 746,91.07827074571975,Groceries,22,Supplier 746
747,Product 747,6.154893290351747,Groceries,170,Supplier 747
748,Product 748,69.0318923105853,Groceries,133,Supplier 748
749,Product 749,9.924400916374257,Clothing,196,Supplier 749
750,Product 750,57.141573182348814,Electronics,170,Supplier 750
751,Product 751,32.32510925914943,Groceries,24,Supplier 751
752,Product 752,34.14377695460341,Clothing,17,Supplier 752
753,Product 753,38.531057827973875,Groceries,189,Supplier 753
754,Product 754,64.02278265971296,Groceries,140,Supplier 754
755,Product 755,36.734746738533076,Clothing,42,Supplier 755
756,Product 756,74.60640980607664,Clothing,77,Supplier 756
757,Product 757,43.43010162951762,Electronics,27,Supplier 757
758,Product 758,11.493554029446068,Electronics,145,Supplier 758
759,Product 759,79.4571850359902,Groceries,58,Supplier 759
760,Product 760,32.14704083630707,Groceries,187,Supplier 760
761,Product 761,46.11285356192995,Electronics,62,Supplier 761
762,Product 762,70.11716890608065,Electronics,184,Supplier 762
763,Product 763,36.583334929127645,Clothing,91,Supplier 763
764,Product 764,10.375637333937984,Electronics,178,Supplier 764
765,Product 765,40.52249946621729,Electronics,55,Supplier 765
766,Product 766,94.72261535595882,Groceries,154,Supplier 766
767,Product 767,65.96476774336303,Electronics,159,Supplier 767
768,Product 768,68.79051912338466,Groceries,110,Supplier 768
769,Product 769,65.06680459557577,Electronics,136,Supplier 769
770,Product 770,23.904253201146496,Clothing,67,Supplier 770
771,Product 771,44.74171708971661,Electronics,45,Supplier 771
772,Product 772,76.33928084451523,Electronics,66,Supplier 772
773,Product 773,14.63042526755012,Electronics,153,Supplier 773
774,Product 774,31.396013728522664,Groceries,135,Supplier 774
775,Product 775,31.250315304256095,Clothing,5,Supplier 775
776,Product 776,46.04179812147807,Electronics,23,Supplier 776
777,Product 777,98.13503038950758,Groceries,175,Supplier 777
778,Product 778,11.412741934963083,Clothing,93,Supplier 778
779,Product 779,54.276594466156524,Groceries,172,Supplier 779
780,Product 780,22.039644791159994,Groceries,12,Supplier 780
781,Product 781,97.21427181392569,Clothing,196,Supplier 781
782,Product 782,15.7638329491091,Electronics,24,Supplier 782
783,Product 783,43.34209522435117,Groceries,147,Supplier 783
784,Product 784,75.09907355928759,Groceries,117,Supplier 784
785,Product 785,71.93267066260731,Electronics,81,Supplier 785
786,Product 786,45.15922050492357,Electronics,110,Supplier 786
787,Product 787,37.919795955508235,Clothing,81,Supplier 787
788,Product 788,42.77317596252271,Clothing,65,Supplier 788
789,Product 789,30.106245000070732,Clothing,44,Supplier 789
790,Product 790,24.50662917714598,Electronics,113,Supplier 790
791,Product 791,50.88877126809455,Groceries,174,Supplier 791
792,Product 792,30.510706826422695,Groceries,62,Supplier 792
793,Product 793,32.30885816523876,Clothing,75,Supplier 793
794,Product 794,67.39182603008291,Electronics,113,Supplier 794
795,Product 795,97.01104651148975,Groceries,110,Supplier 795
796,Product 796,62.34553405314063,Clothing,182,Supplier 796
797,Product 797,12.313049371171797,Groceries,146,Supplier 797
798,Product 798,12.180443316136362,Groceries,34,Supplier 798
799,Product 799,95.38520598032876,Electronics,52,Supplier 799
800,Product 800,33.2426250791967,Electronics,25,Supplier 800
801,Product 801,13.746363677835166,Groceries,13,Supplier 801
802,Product 802,61.90923577928625,Clothing,117,Supplier 802
803,Product 803,64.24663393757528,Electronics,44,Supplier 803
804,Product 804,66.60795791127538,Groceries,171,Supplier 804
805,Product 805,30.403192646466422,Electronics,192,Supplier 805
806,Product 806,6.435515000375128,Electronics,50,Supplier 806
807,Product 807,96.67646009817483,Electronics,170,Supplier 807
808,Product 808,28.834839340654735,Groceries,118,Supplier 808
809,Product 809,69.22249736499201,Clothing,150,Supplier 809
810,Product 810,72.12983763847741,Clothing,183,Supplier 810
811,Product 811,62.95070462255114,Clothing,18,Supplier 811
812,Product 812,34.72620245029658,Electronics,81,Supplier 812
813,Product 813,30.75414410758625,Groceries,75,Supplier 813
814,Product 814,61.77848685675679,Electronics,182,Supplier 814
815,Product 815,87.27908519311069,Clothing,91,Supplier 815
816,Product 816,94.93970424772257,Clothing,187,Supplier 816
817,Product 817,15.061051418356975,Groceries,186,Supplier 817
818,Product 818,19.708718196783387,Electronics,32,Supplier 818
819,Product 819,94.74994458439257,Clothing,146,Supplier 819
820,Product 820,74.97084669180529,Groceries,27,Supplier 820
821,Product 821,88.88441335882844,Electronics,122,Supplier 821
822,Product 822,24.2501002428576,Electronics,179,Supplier 822
823,Product 823,60.82065775539318,Clothing,125,Supplier 823
824,Product 824,71.60826146966,Clothing,176,Supplier 824
825,Product 825,69.61062911746241,Electronics,36,Supplier 825
826,Product 826,43.77441063233632,Electronics,153,Supplier 826
827,Product 827,6.462514710674306,Clothing,98,Supplier 827
828,Product 828,60.377975396405,Electronics,97,Supplier 828
829,Product 829,29.04464622206283,Clothing,126,Supplier 829
830,Product 830,47.77415338357458,Electronics,167,Supplier 830
831,Product 831,95.97019643296265,Clothing,79,Supplier 831
832,Product 832,42.9083551760313,Groceries,37,Supplier 832
833,Product 833,84.78115263312054,Clothing,76,Supplier 833
834,Product 834,22.91135754617886,Clothing,125,Supplier 834
835,Product 835,68.88374731237774,Groceries,86,Supplier 835
836,Product 836,97.81566067169963,Electronics,53,Supplier 836
837,Product 837,14.679844582928995,Groceries,149,Supplier 837
838,Product 838,5.790394511583241,Clothing,15,Supplier 838
839,Product 839,46.190365300098364,Electronics,27,Supplier 839
840,Product 840,13.799420889879883,Groceries,162,Supplier 840
841,Product 841,76.09651321924198,Electronics,187,Supplier 841
842,Product 842,91.8821230656131,Electronics,172,Supplier 842
843,Product 843,46.231992407332086,Groceries,45,Supplier 843
844,Product 844,29.577606004766892,Electronics,71,Supplier 844
845,Product 845,46.26831530562793,Groceries,182,Supplier 845
846,Product 846,73.7275426957501,Clothing,84,Supplier 846
847,Product 847,5.860145350135243,Electronics,25,Supplier 847
848,Product 848,60.99812900104623,Clothing,84,Supplier 848
849,Product 849,63.26271006430101,Clothing,152,Supplier 849
850,Product 850,65.58038345511387,Electronics,64,Supplier 850
851,Product 851,27.992097598183335,Groceries,133,Supplier 851
852,Product 852,72.83500872092205,Electronics,150,Supplier 852
853,Product 853,13.682191201518759,Clothing,114,Supplier 853
854,Product 854,23.93068196434608,Clothing,63,Supplier 854
855,Product 855,88.35965443217579,Groceries,86,Supplier 855
856,Product 856,75.1786993190238,Electronics,170,Supplier 856
857,Product 857,6.305827631077799,Clothing,106,Supplier 857
858,Product 858,28.59574473513102,Clothing,150,Supplier 858
859,Product 859,25.368615884350632,Clothing,95,Supplier 859
860,Product 860,30.726601163512395,Groceries,157,Supplier 860
861,Product 861,28.51817817658921,Clothing,76,Supplier 861
862,Product 862,10.939998095570346,Clothing,145,Supplier 862
863,Product 863,48.59934907669793,Electronics,86,Supplier 863
864,Product 864,74.6096801046857,Electronics,148,Supplier 864
865,Product 865,62.63951384815646,Clothing,56,Supplier 865
866,Product 866,68.92280851681758,Clothing,102,Supplier 866
867,Product 867,12.709171960942719,Electronics,150,Supplier 867
868,Product 868,95.39161746679478,Groceries,90,Supplier 868
869,Product 869,84.65672421508737,Groceries,44,Supplier 869
870,Product 870,81.48358025708795,Groceries,171,Supplier 870
871,Product 871,83.18346147896791,Groceries,87,Supplier 871
872,Product 872,93.60749827261233,Groceries,114,Supplier 872
873,Product 873,56.70412678080128,Groceries,46,Supplier 873
874,Product 874,24.02679169742446,Groceries,167,Supplier 874
875,Product 875,63.59444274599141,Groceries,178,Supplier 875
876,Product 876,75.5737418984542,Electronics,169,Supplier 876
877,Product 877,75.10215236863242,Groceries,134,Supplier 877
878,Product 878,54.53765729585361,Groceries,49,Supplier 878
879,Product 879,11.503578336689916,Groceries,175,Supplier 879
880,Product 880,40.255729150862145,Clothing,83,Supplier 880
881,Product 881,92.47282780401895,Electronics,90,Supplier 881
882,Product 882,60.522646426955475,Electronics,133,Supplier 882
883,Product 883,56.141534609292776,Electronics,90,Supplier 883
884,Product 884,30.541083866308384,Groceries,136,Supplier 884
885,Product 885,40.002647392075,Groceries,108,Supplier 885
886,Product 886,90.05787846955108,Clothing,56,Supplier 886
887,Product 887,68.3139895150494,Electronics,30,Supplier 887
888,Product 888,79.80176754147162,Groceries,20,Supplier 888
889,Product 889,48.162815191427235,Electronics,89,Supplier 889
890,Product 890,64.87348584833501,Clothing,39,Supplier 890
891,Product 891,28.596442830604715,Clothing,111,Supplier 891
892,Product 892,72.0187788769312,Clothing,44,Supplier 892
893,Product 893,45.622126701817045,Electronics,76,Supplier 893
894,Product 894,47.04182390740083,Groceries,176,Supplier 894
895,Product 895,66.68562083480376,Groceries,86,Supplier 895
896,Product 896,93.94665903954804,Clothing,147,Supplier 896
897,Product 897,11.080602927818987,Groceries,100,Supplier 897
898,Product 898,83.35060754796572,Clothing,116,Supplier 898
899,Product 899,32.77639548915835,Electronics,91,Supplier 899
900,Product 900,47.17234817810589,Clothing,144,Supplier 900
901,Product 901,7.081766233625851,Electronics,27,Supplier 901
902,Product 902,33.59937739425973,Clothing,168,Supplier 902
903,Product 903,52.749968049862396,Groceries,193,Supplier 903
904,Product 904,10.336727348006706,Groceries,24,Supplier 904
905,Product 905,51.65409429140069,Clothing,57,Supplier 905
906,Product 906,93.07550974155059,Groceries,40,Supplier 906
907,Product 907,15.012355720241496,Groceries,133,Supplier 907
908,Product 908,77.62186916717292,Groceries,74,Supplier 908
909,Product 909,43.9187500707193,Electronics,37,Supplier 909
910,Product 910,67.24150287981212,Groceries,133,Supplier 910
911,Product 911,29.722476808596788,Electronics,172,Supplier 911
912,Product 912,20.151764941429036,Clothing,74,Supplier 912
913,Product 913,20.243948355766513,Groceries,141,Supplier 913
914,Product 914,11.696734836098742,Groceries,65,Supplier 914
915,Product 915,22.63643696561809,Groceries,167,Supplier 915
916,Product 916,68.10084157395198,Clothing,2,Supplier 916
917,Product 917,88.76060812513326,Electronics,116,Supplier 917
918,Product 918,82.34194013116037,Electronics,98,Supplier 918
919,Product 919,70.08775943807599,Groceries,151,Supplier 919
920,Product 920,15.491027024054754,Clothing,18,Supplier 920
921,Product 921,32.472807398115236,Clothing,145,Supplier 921
922,Product 922,34.43165315563455,Clothing,191,Supplier 922
923,Product 923,28.745909907774017,Clothing,115,Supplier 923
924,Product 924,53.925537672423694,Clothing,124,Supplier 924
925,Product 925,55.8776124135689,Electronics,87,Supplier 925
926,Product 926,38.90416764125547,Electronics,34,Supplier 926
927,Product 927,38.60997007996142,Electronics,189,Supplier 927
928,Product 928,83.71278180107772,Groceries,0,Supplier 928
929,Product 929,79.98282059037014,Clothing,152,Supplier 929
930,Product 930,34.24060400967083,Groceries,172,Supplier 930
931,Product 931,91.80990216795963,Clothing,176,Supplier 931
932,Product 932,95.51742661523808,Electronics,125,Supplier 932
933,Product 933,36.040541492853876,Groceries,88,Supplier 933
934,Product 934,38.670370135340214,Electronics,143,Supplier 934
935,Product 935,53.03524457508609,Clothing,146,Supplier 935
936,Product 936,94.40647719069898,Clothing,150,Supplier 936
937,Product 937,88.2503461485196,Clothing,24,Supplier 937
938,Product 938,14.74395644544103,Electronics,15,Supplier 938
939,Product 939,42.30942061078454,Clothing,181,Supplier 939
940,Product 940,57.570263026228325,Electronics,72,Supplier 940
941,Product 941,52.7975848923963,Groceries,128,Supplier 941
942,Product 942,23.416991454004805,Clothing,41,Supplier 942
943,Product 943,86.5875932609747,Clothing,146,Supplier 943
944,Product 944,69.30937438469955,Clothing,161,Supplier 944
945,Product 945,84.60129561092134,Groceries,79,Supplier 945
946,Product 946,86.58260653819985,Clothing,103,Supplier 946
947,Product 947,76.09380609824528,Electronics,182,Supplier 947
948,Product 948,46.72500711872315,Electronics,145,Supplier 948
949,Product 949,63.00194172646533,Clothing,33,Supplier 949
950,Product 950,20.2347135813756,Clothing,88,Supplier 950
951,Product 951,68.99631466011624,Groceries,124,Supplier 951
952,Product 952,22.029059295231672,Groceries,44,Supplier 952
953,Product 953,70.9252110984649,Groceries,133,Supplier 953
954,Product 954,26.811825271627022,Clothing,20,Supplier 954
955,Product 955,16.1673735142709,Groceries,121,Supplier 955
956,Product 956,20.702026563580958,Groceries,69,Supplier 956
957,Product 957,5.189252845811676,Electronics,95,Supplier 957
958,Product 958,73.28026369608537,Groceries,104,Supplier 958
959,Product 959,74.57809966054602,Electronics,47,Supplier 959
960,Product 960,53.91866824175965,Electronics,38,Supplier 960
961,Product 961,20.32946610026145,Groceries,30,Supplier 961
962,Product 962,12.937662063515525,Electronics,9,Supplier 962
963,Product 963,6.817251811542266,Clothing,29,Supplier 963
964,Product 964,20.746076811695968,Clothing,17,Supplier 964
965,Product 965,89.63127582339894,Groceries,187,Supplier 965
966,Product 966,27.94599996165977,Clothing,87,Supplier 966
967,Product 967,38.65577608563549,Electronics,124,Supplier 967
968,Product 968,15.007821025726653,Clothing,72,Supplier 968
969,Product 969,26.124323951076178,Groceries,14,Supplier 969
970,Product 970,54.326334224119485,Groceries,3,Supplier 970
971,Product 971,62.73650489408699,Electronics,190,Supplier 971
972,Product 972,28.30846984579005,Groceries,167,Supplier 972
973,Product 973,10.484555126386134,Clothing,8,Supplier 973
974,Product 974,42.148122567102874,Groceries,108,Supplier 974
975,Product 975,27.249320238001744,Electronics,136,Supplier 975
976,Product 976,25.857622706831183,Groceries,153,Supplier 976
977,Product 977,96.18696625777825,Clothing,131,Supplier 977
978,Product 978,63.548546162943786,Electronics,15,Supplier 978
979,Product 979,57.90345210134911,Clothing,142,Supplier 979
980,Product 980,44.49863483471558,Electronics,98,Supplier 980
981,Product 981,45.74971167586371,Groceries,120,Supplier 981
982,Product 982,56.38597536461768,Electronics,51,Supplier 982
983,Product 983,71.16083166843019,Electronics,68,Supplier 983
984,Product 984,71.7038791372738,Groceries,4,Supplier 984
985,Product 985,21.31092123201771,Clothing,19,Supplier 985
986,Product 986,52.51071144727956,Groceries,78,Supplier 986
987,Product 987,44.13601902823969,Electronics,145,Supplier 987
988,Product 988,87.7000617955915,Groceries,110,Supplier 988
989,Product 989,64.98479751574575,Electronics,1,Supplier 989
990,Product 990,55.58788630951827,Groceries,92,Supplier 990
991,Product 991,15.962491006997151,Groceries,12,Supplier 991
992,Product 992,62.535599485724084,Clothing,3,Supplier 992
993,Product 993,16.134371039622174,Electronics,169,Supplier 993
994,Product 994,37.03462467874645,Clothing,108,Supplier 994
995,Product 995,18.569986657361525,Electronics,73,Supplier 995
996,Product 996,70.74699646731504,Groceries,188,Supplier 996
997,Product 997,24.593950814434496,Electronics,94,Supplier 997
998,Product 998,42.22664045286247,Clothing,104,Supplier 998
999,Product 999,90.08910387378397,Clothing,7,Supplier 999
1000,Product 1000,24.410056422902176,Clothing,66,Supplier 1000
